rec_loss	psnr	test_mse	feat_mse	index	attck_img	victim_img
0.07283079624176025	19.707483291625977	tensor(0.1704)	4.2277e-01	0	attck__idx0.png	victim__idx0.png
0.16046380996704102	12.996489524841309	tensor(0.7988)	1.2343e-01	1	attck__idx1.png	victim__idx1.png
